{"51_hd_01":{"X34":[149315,151473,154710,156505,157613,158309,158185],"X35":[9921.677878,10065.072845,10359.46845,10480.36931,10553.834223,10599.629173,10591.326714],"X36":[149315,151473,154710,156505,157613,158309,158185],"X37":[9921.677878,10065.072845,10359.46845,10480.36931,10553.834223,10599.629173,10591.326714]},"51_hd_02":{"X34":[178967,178901,178384,178305,178348,178619,181076],"X35":[112.792422,112.750396,112.450471,112.39072,112.417747,112.588395,114.137109],"X36":[178967,178901,178384,178305,178348,178619,181076],"X37":[112.792422,112.750396,112.450471,112.39072,112.417747,112.588395,114.137109]},"51_hd_03":{"X34":[223945,226092,229534,231803,233464,236434,235764],"X35":[8615.989776,8698.592652,8825.255262,8916.385932,8980.278096,9094.520366,9068.748571],"X36":[223945,226092,229534,231803,233464,236434,235764],"X37":[8615.989776,8698.592652,8825.255262,8916.385932,8980.278096,9094.520366,9068.748571]},"51_hd_04":{"X34":[291577,293220,294719,296539,298014,300270,302678],"X35":[85.267044,85.746985,86.209259,86.734284,87.165705,87.825525,88.529592],"X36":[291577,293220,294719,296539,298014,300270,302678],"X37":[85.267044,85.746985,86.209259,86.734284,87.165705,87.825525,88.529592]},"51_hd_05":{"X34":[256989,258062,258995,260668,261652,262937,261232],"X35":[121.203031,121.7089,122.143203,122.930836,123.39489,123.999222,123.195156],"X36":[256989,258062,258995,260668,261652,262937,261232],"X37":[121.203031,121.7089,122.143203,122.930836,123.39489,123.999222,123.195156]},"51_hd_06":{"X34":[230601,233194,235410,237820,239982,242647,247172],"X35":[676.645496,688.882926,695.429254,702.548611,708.935415,716.922473,730.291994],"X36":[230601,233194,235410,237820,239982,242647,247172],"X37":[676.645496,688.882926,695.429254,702.548611,708.935415,716.922473,730.291994]},"51_hd_07":{"X34":[373898,377679,381540,385614,389794,395036,407904],"X35":[540.99052,546.461223,552.069514,557.820244,563.872203,571.499187,590.115342],"X36":[373898,377679,381540,385614,389794,395036,407904],"X37":[540.99052,546.461223,552.069514,557.820244,563.872203,571.499187,590.115342]},"51_hd_08":{"X34":[149739,151315,152911,155029,157102,159285,162868],"X35":[131.057528,132.436906,133.971093,135.827222,137.633337,139.406837,142.545444],"X36":[149739,151315,152911,155029,157102,159285,162868],"X37":[131.057528,132.436906,133.971093,135.827222,137.633337,139.406837,142.545444]},"51_hd_09":{"X34":[156011,155875,155493,155563,155284,154741,161208],"X35":[83.276109,83.203514,82.999789,83.027817,82.879714,82.589824,86.041452],"X36":[156011,155875,155493,155563,155284,154741,161208],"X37":[83.276109,83.203514,82.999789,83.027817,82.879714,82.589824,86.041452]},"51_hd_10":{"X34":[111064,109802,108206,106586,105288,104036,101418],"X35":[60.824445,60.133308,59.271587,58.383515,57.672485,56.986665,55.552632],"X36":[111064,109802,108206,106586,105288,104036,101418],"X37":[60.824445,60.133308,59.271587,58.383515,57.672485,56.986665,55.552632]},"51_hd_11":{"X34":[45299,45178,44838,44699,44558,44386,45614],"X35":[68.510213,68.348015,67.831846,67.623025,67.406998,67.146838,69.004548],"X36":[45299,45178,44838,44699,44558,44386,45614],"X37":[68.510213,68.348015,67.831846,67.623025,67.406998,67.146838,69.004548]},"51_hd_12":{"X34":[1165432,1170104,1179427,1181461,1183521,1187060,1185299],"X35":[2919.831408,2931.481226,2954.138047,2958.930448,2964.034563,2972.79431,2968.384178],"X36":[1165432,1170104,1179427,1181461,1183521,1187060,1185299],"X37":[2919.831408,2931.481226,2954.138047,2958.930448,2964.034563,2972.79431,2968.384178]},"51_hd_13":{"X34":[137081,136789,136255,135583,135041,135169,136748],"X35":[2663.273946,2657.600853,2647.226071,2637.489177,2624.28893,2626.644895,2657.3285],"X36":[137081,136789,136255,135583,135041,135169,136748],"X37":[2663.273946,2657.600853,2647.226071,2637.489177,2624.28893,2626.644895,2657.3285]},"51_hd_14":{"X34":[318864,321921,324073,325642,327535,330076,331924],"X35":[1364.399033,1377.479714,1386.934941,1393.648879,1401.662842,1412.543246,1420.30381],"X36":[318864,321921,324073,325642,327535,330076,331924],"X37":[1364.399033,1377.479714,1386.934941,1393.648879,1401.662842,1412.543246,1420.30381]},"51_hd_15":{"X34":[92313,91341,90300,89158,88306,87485,84285],"X35":[66.810297,66.106825,65.334695,64.508083,63.891639,63.297574,60.982309],"X36":[92313,91341,90300,89158,88306,87485,84285],"X37":[66.810297,66.106825,65.334695,64.508083,63.891639,63.297574,60.982309]},"51_hd_16":{"X34":[227855,229400,231170,233550,235239,237655,241420],"X35":[139.662018,140.608908,141.765746,143.201373,144.236879,145.715018,148.023477],"X36":[227855,229400,231170,233550,235239,237655,241420],"X37":[139.662018,140.608908,141.765746,143.201373,144.236879,145.715018,148.023477]},"51_hd_17":{"X34":[351129,362435,374558,385143,395134,405312,413574],"X35":[680.803291,702.725161,726.290252,746.73956,766.111789,785.887061,801.906816],"X36":[351129,362435,374558,385143,395134,405312,413574],"X37":[680.803291,702.725161,726.290252,746.73956,766.111789,785.887061,801.906816]},"51_hd_18":{"X34":[192174,190969,190667,189882,189042,188626,186800],"X35":[69.387118,68.950425,68.840029,68.55569,68.252228,68.099149,67.439913],"X36":[192174,190969,190667,189882,189042,188626,186800],"X37":[69.387118,68.950425,68.840029,68.55569,68.252228,68.099149,67.439913]},"51_hd_19":{"X34":[180482,181288,181863,182341,182489,182967,181692],"X35":[124.214373,124.769092,125.034699,125.362942,125.464659,125.792916,124.916332],"X36":[180482,181288,181863,182341,182489,182967,181692],"X37":[124.214373,124.769092,125.034699,125.362942,125.464659,125.792916,124.916332]},"51_hd_20":{"X34":[245452,245724,245752,245592,244601,244300,238556],"X35":[4538.237892,4612.228739,4612.754298,4609.751205,4591.296782,4585.646679,4477.828608],"X36":[245452,245724,245752,245592,244601,244300,238556],"X37":[4538.237892,4612.228739,4612.754298,4609.751205,4591.296782,4585.646679,4477.828608]},"51_hd_21":{"X34":[345298,347481,347838,348712,349588,351158,360118],"X35":[1014.758647,1020.464556,1021.588728,1024.39552,1027.330248,1031.941183,1058.27176],"X36":[345298,347481,347838,348712,349588,351158,360118],"X37":[1014.758647,1020.464556,1021.588728,1024.39552,1027.330248,1031.941183,1058.27176]},"51_hd_22":{"X34":[103308,102992,102632,102473,102496,102403,100862],"X35":[36.846861,36.734154,36.605779,36.548677,36.555693,36.523081,35.973467],"X36":[103308,102992,102632,102473,102496,102403,100862],"X37":[36.846861,36.734154,36.605779,36.548677,36.555693,36.523081,35.973467]},"51_hd_23":{"X34":[105244,104752,103881,103188,102326,101535,103389],"X35":[104.006132,103.533914,102.674013,101.984574,101.132627,100.350851,102.183229],"X36":[105244,104752,103881,103188,102326,101535,103389],"X37":[104.006132,103.533914,102.674013,101.984574,101.132627,100.350851,102.183229]},"51_hd_24":{"X34":[96135,96071,95536,95311,95097,94961,97454],"X35":[2844.023599,2884.973807,2868.90797,2862.138998,2855.712592,2851.628749,2926.492224],"X36":[96135,96071,95536,95311,95097,94961,97454],"X37":[2844.023599,2884.973807,2868.90797,2862.138998,2855.712592,2851.628749,2926.492224]},"51_hd_25":{"X34":[493639,500606,508259,514629,519583,525420,536901],"X35":[1415.110467,1435.061519,1459.954529,1478.332749,1492.546226,1509.250038,1542.228797],"X36":[493639,500606,508259,514629,519583,525420,536901],"X37":[1415.110467,1435.061519,1459.954529,1478.332749,1492.546226,1509.250038,1542.228797]},"51_hd_26":{"X34":[346513,351482,354906,359967,364838,371187,378182],"X35":[249.623401,253.20234,255.644324,259.276314,262.776531,267.414553,272.453967],"X36":[346513,351482,354906,359967,364838,371187,378182],"X37":[249.623401,253.20234,255.644324,259.276314,262.776531,267.414553,272.453967]},"51_hd_27":{"X34":[171061,172388,173933,175648,177387,179357,181569],"X35":[87.511769,88.190289,88.955388,89.831104,90.720447,91.730081,92.861383],"X36":[171061,172388,173933,175648,177387,179357,181569],"X37":[87.511769,88.190289,88.955388,89.831104,90.720447,91.730081,92.861383]},